{"initial_reset_timestamp": 1543470126.5282667, "timestamps": [1543470130.3069658, 1543470133.7570462, 1543470134.3349755, 1543470134.7756476, 1543470135.2249923, 1543470135.69397, 1543470136.1316, 1543470136.5702052, 1543470139.9556968, 1543470140.491018, 1543470140.957503, 1543470141.4224737, 1543470141.8890371, 1543470142.3561163, 1543470142.80162, 1543470143.2476962, 1543470143.6897893, 1543470144.1310174, 1543470144.5686631, 1543470145.0084372, 1543470145.4523444, 1543470145.899091, 1543470146.3421605, 1543470146.8190653, 1543470147.2856781, 1543470147.7655513, 1543470148.21203, 1543470151.6032917, 1543470152.1424944, 1543470152.603709, 1543470153.0053968, 1543470153.4561574, 1543470153.9055562, 1543470154.278833, 1543470154.7305608, 1543470155.179538, 1543470155.558496, 1543470156.007124, 1543470156.4668329, 1543470156.9241629, 1543470157.3699846, 1543470157.6852317, 1543470158.0734727, 1543470158.5237982, 1543470158.8712285, 1543470159.319075, 1543470159.7669334, 1543470160.2161007, 1543470160.4925263, 1543470160.851302, 1543470161.3008418, 1543470161.6049695, 1543470161.9555438, 1543470162.3142662, 1543470162.7742817, 1543470163.1103315, 1543470163.5608597, 1543470163.9227595, 1543470164.374844, 1543470164.7316515, 1543470165.073102, 1543470165.3426635, 1543470165.693178, 1543470166.0312507, 1543470168.899314, 1543470169.3184972, 1543470169.714904, 1543470170.0495622, 1543470170.390068, 1543470170.6555743, 1543470170.9252577, 1543470171.2009637, 1543470171.6574252, 1543470171.9548857, 1543470172.226848, 1543470172.5077393, 1543470172.793292, 1543470173.0555177, 1543470173.3803241, 1543470173.821838, 1543470174.204241, 1543470174.4883428, 1543470174.7469995, 1543470175.090898, 1543470175.4697535, 1543470175.7214878, 1543470176.035534, 1543470176.3603718, 1543470176.7080767, 1543470177.0281765, 1543470177.375205, 1543470177.6371846, 1543470177.8945398, 1543470178.2185774, 1543470178.579009, 1543470178.8236983, 1543470179.1807268, 1543470179.4867816, 1543470179.7408483, 1543470180.0686638, 1543470180.4576738, 1543470180.778576, 1543470181.1069427, 1543470181.4734344, 1543470181.78751, 1543470182.0431988, 1543470182.301251, 1543470182.5616784, 1543470182.812959, 1543470183.0596201, 1543470183.3214962, 1543470183.5701728, 1543470183.814269, 1543470184.1781888, 1543470184.5206788, 1543470184.8790894, 1543470185.2763772, 1543470185.517781, 1543470185.7616045, 1543470186.0737312, 1543470186.5096593, 1543470186.7512574, 1543470187.0766864, 1543470187.4960918, 1543470187.8215227, 1543470190.2610106, 1543470190.604084, 1543470190.872476, 1543470191.1438048, 1543470191.4297228, 1543470191.7869604, 1543470192.0654573, 1543470192.34551, 1543470192.6250253, 1543470192.895357, 1543470193.1564143, 1543470193.4122732, 1543470193.6984107, 1543470193.9742432, 1543470194.236723, 1543470194.5020008, 1543470194.917265, 1543470195.3749132, 1543470195.6192482, 1543470195.866729, 1543470196.184708, 1543470196.4995184, 1543470196.7445827, 1543470197.0574763, 1543470197.3017745, 1543470197.5493124, 1543470197.8623896, 1543470198.280395, 1543470198.6271, 1543470198.877127, 1543470199.1325445, 1543470199.3757555, 1543470199.684316, 1543470199.952839, 1543470200.2006521, 1543470200.5121326, 1543470200.7757754, 1543470201.210546, 1543470201.4624517, 1543470201.7257679, 1543470201.9767172, 1543470202.2187314, 1543470202.4712317, 1543470202.7179675, 1543470202.9669485, 1543470203.2243028, 1543470203.471955, 1543470203.7247136, 1543470203.9777527, 1543470204.3562384, 1543470204.6471925, 1543470205.0340674, 1543470205.4430857, 1543470205.687451, 1543470205.933869, 1543470206.1836708, 1543470206.434724, 1543470206.8083677, 1543470207.0678446, 1543470207.47045, 1543470207.7540264, 1543470208.0373805, 1543470208.3706672, 1543470208.612808, 1543470209.039906, 1543470209.2857218, 1543470209.7451556, 1543470210.0930738, 1543470210.4573243, 1543470210.8333275, 1543470211.0724869, 1543470211.3173666, 1543470211.686084, 1543470211.9276166, 1543470212.2867525, 1543470212.5319571, 1543470212.7755218, 1543470213.046957, 1543470213.2898335, 1543470213.5763488, 1543470213.9456117, 1543470214.308954, 1543470214.7285123, 1543470215.1118846, 1543470215.508322, 1543470215.7731755, 1543470216.0141447, 1543470216.4061356, 1543470217.009662, 1543470217.2640636, 1543470217.5675645, 1543470219.437214, 1543470219.8469582, 1543470220.1030264, 1543470220.347451, 1543470220.7148507, 1543470220.9741566, 1543470221.2347455, 1543470221.5040927, 1543470221.7795055, 1543470222.1793518, 1543470222.4913573, 1543470222.7466316, 1543470223.0712054, 1543470223.4606707, 1543470223.7628095, 1543470224.451283, 1543470224.8905234, 1543470225.2186654, 1543470225.5247762, 1543470225.8233054, 1543470226.1210365, 1543470226.4184482, 1543470226.7026846, 1543470226.9997234, 1543470227.246868, 1543470227.5169823, 1543470227.8220797, 1543470228.065498, 1543470228.4007354, 1543470228.798804, 1543470229.2238634, 1543470229.8260558, 1543470230.0744004, 1543470230.3438005, 1543470230.6175385, 1543470230.9379482, 1543470231.294326, 1543470231.5744154, 1543470231.9491656, 1543470232.2434552, 1543470232.5702858, 1543470232.8929133, 1543470233.344046, 1543470233.8142748, 1543470234.1915858, 1543470234.6289058, 1543470235.0007145, 1543470235.3584664, 1543470235.6663013, 1543470236.0108657, 1543470236.3688269, 1543470236.7330062, 1543470237.051786, 1543470237.3615074, 1543470237.8100083, 1543470238.0714464, 1543470238.4490623, 1543470238.818729, 1543470239.2484925, 1543470239.569111, 1543470239.881122, 1543470240.3006916, 1543470240.6251988, 1543470240.9774814, 1543470241.3609629, 1543470241.7279215, 1543470242.132649, 1543470242.5009837, 1543470242.8886108, 1543470243.1853375, 1543470243.5363584, 1543470243.9107099, 1543470244.2592013, 1543470244.598108, 1543470244.9688907, 1543470245.3727612, 1543470245.7117722, 1543470246.0266895, 1543470246.5182846, 1543470246.8963358, 1543470247.1983645, 1543470247.4945047, 1543470247.813699, 1543470248.1099126], "episode_lengths": [200, 200, 200, 200, 200, 200, 200, 200, 200, 200, 200, 200, 200, 200, 200, 200, 200, 200, 200, 200, 200, 200, 200, 200, 200, 200, 200, 200, 200, 200, 176, 200, 200, 167, 200, 200, 169, 200, 200, 200, 200, 140, 174, 200, 153, 200, 200, 200, 124, 160, 200, 135, 154, 160, 200, 150, 200, 160, 193, 157, 152, 119, 155, 150, 168, 142, 171, 147, 149, 115, 117, 121, 200, 130, 117, 118, 118, 115, 141, 194, 162, 116, 114, 153, 167, 112, 140, 145, 153, 142, 154, 115, 112, 143, 158, 108, 158, 135, 113, 141, 160, 142, 146, 159, 139, 113, 114, 115, 111, 109, 114, 110, 107, 160, 152, 159, 175, 106, 108, 138, 189, 106, 144, 184, 144, 143, 110, 109, 109, 111, 139, 109, 109, 112, 112, 111, 111, 124, 114, 109, 110, 178, 200, 106, 108, 138, 139, 108, 139, 108, 109, 138, 184, 148, 110, 112, 107, 136, 119, 110, 137, 116, 191, 110, 111, 111, 107, 111, 108, 110, 114, 110, 111, 111, 111, 112, 169, 179, 107, 109, 110, 109, 164, 108, 156, 116, 107, 142, 107, 184, 107, 179, 141, 156, 166, 105, 107, 161, 106, 153, 105, 106, 106, 107, 113, 150, 161, 172, 166, 154, 106, 106, 146, 180, 104, 132, 108, 108, 105, 105, 152, 104, 105, 105, 105, 161, 133, 112, 144, 172, 104, 168, 174, 131, 135, 132, 132, 131, 125, 131, 108, 114, 133, 106, 131, 169, 158, 178, 106, 115, 107, 135, 153, 118, 154, 112, 135, 129, 163, 133, 162, 186, 156, 156, 133, 150, 151, 154, 137, 130, 195, 114, 159, 157, 174, 130, 135, 159, 133, 129, 155, 152, 169, 126, 161, 128, 151, 165, 153, 140, 144, 149, 131, 131, 128, 135, 129, 130, 139, 130],