{"initial_reset_timestamp": 1543466427.4679558, "timestamps": [1543466431.2156608, 1543466434.665117, 1543466435.1907, 1543466435.6520612, 1543466436.107759, 1543466436.5938697, 1543466437.0561168, 1543466437.523892, 1543466440.8946671, 1543466441.4391596, 1543466441.8953953, 1543466442.3599548, 1543466442.8350527, 1543466443.3004067, 1543466443.7613175, 1543466444.2243884, 1543466444.687231, 1543466445.150769, 1543466445.61469, 1543466446.0805788, 1543466446.545717, 1543466447.0100708, 1543466447.474803, 1543466447.9389615, 1543466448.4400465, 1543466448.915621, 1543466449.3814967, 1543466452.771358, 1543466453.3106127, 1543466453.780691, 1543466454.2514226, 1543466454.727755, 1543466455.1950543, 1543466455.6600366, 1543466456.1265278, 1543466456.5964808, 1543466457.0653234, 1543466457.5325406, 1543466457.9964204, 1543466458.4654691, 1543466458.9324343, 1543466459.4018338, 1543466459.872072, 1543466460.352734, 1543466460.8372693, 1543466461.3065398, 1543466461.774437, 1543466462.2403865, 1543466462.7114115, 1543466463.1795878, 1543466463.6456535, 1543466464.1175334, 1543466464.5890226, 1543466465.0572412, 1543466465.5274208, 1543466465.9968228, 1543466466.4759884, 1543466466.9454694, 1543466467.414703, 1543466467.8860986, 1543466468.3572874, 1543466468.8243198, 1543466469.2936225, 1543466469.7649004, 1543466473.1455123, 1543466473.688802, 1543466474.1597667, 1543466474.6305423, 1543466475.1033928, 1543466475.5735333, 1543466476.0453591, 1543466476.515472, 1543466476.9858708, 1543466477.455682, 1543466477.9271903, 1543466478.408042, 1543466478.8809438, 1543466479.3507442, 1543466479.820906, 1543466480.2931848, 1543466480.7627196, 1543466481.2334335, 1543466481.7070034, 1543466482.1951137, 1543466482.666864, 1543466483.1392457, 1543466483.6108565, 1543466484.0835881, 1543466484.5650997, 1543466485.0403614, 1543466485.509932, 1543466485.9807281, 1543466486.4537363, 1543466486.9244657, 1543466487.3955083, 1543466487.866709, 1543466488.3365076, 1543466488.8074734, 1543466489.2783103, 1543466489.7493913, 1543466490.2278361, 1543466490.703477, 1543466491.174932, 1543466491.6473913, 1543466492.118019, 1543466492.5905144, 1543466493.061483, 1543466493.532491, 1543466494.0034235, 1543466494.4743633, 1543466494.9450526, 1543466495.4153697, 1543466495.88507, 1543466496.355109, 1543466496.8323672, 1543466497.3032548, 1543466497.7738466, 1543466498.2446113, 1543466498.7158642, 1543466499.1879678, 1543466499.6585965, 1543466500.1300545, 1543466500.5987225, 1543466501.0700243, 1543466501.5540686, 1543466504.9470522, 1543466505.495962, 1543466505.9756289, 1543466506.4535913, 1543466506.931309, 1543466507.4029844, 1543466507.8789809, 1543466508.3517332, 1543466508.8320568, 1543466509.3053901, 1543466509.780677, 1543466510.2549808, 1543466510.731096, 1543466511.2047975, 1543466511.6764736, 1543466512.1518202, 1543466512.6250148, 1543466513.0962272, 1543466513.5685084, 1543466514.0396597, 1543466514.5208418, 1543466515.0040963, 1543466515.476067, 1543466515.94758, 1543466516.4216738, 1543466516.8986936, 1543466517.3749092, 1543466517.8513145, 1543466518.3230543, 1543466518.797648, 1543466519.2707548, 1543466519.744812, 1543466520.2323751, 1543466520.7191815, 1543466521.1940026, 1543466521.6674585, 1543466522.1417243, 1543466522.6243496, 1543466523.0970368, 1543466523.5700567, 1543466524.0433364, 1543466524.5225654, 1543466524.9971073, 1543466525.4709606, 1543466525.9438806, 1543466526.4255536, 1543466526.8986304, 1543466527.374491, 1543466527.8477964, 1543466528.3217556, 1543466528.796241, 1543466529.272457, 1543466529.746956, 1543466530.2234583, 1543466530.699628, 1543466531.1742449, 1543466531.6473904, 1543466532.127425, 1543466532.6142056, 1543466533.0878842, 1543466533.5615757, 1543466534.0382736, 1543466534.5113328, 1543466534.9868903, 1543466535.4622364, 1543466535.9341938, 1543466536.4073737, 1543466536.879581, 1543466537.3535058, 1543466537.8267803, 1543466538.299319, 1543466538.7766664, 1543466539.2500858, 1543466539.7247858, 1543466540.2030022, 1543466540.6811233, 1543466541.1537018, 1543466541.6313343, 1543466542.1178524, 1543466542.5900617, 1543466543.0668828, 1543466543.5398273, 1543466544.0127919, 1543466544.4868596, 1543466544.964062, 1543466545.4369256, 1543466545.9089587, 1543466546.382426, 1543466546.859821, 1543466547.3339138, 1543466547.8113222, 1543466551.194728, 1543466551.7405062, 1543466552.2131524, 1543466552.6851873, 1543466553.1573808, 1543466553.630082, 1543466554.1026404, 1543466554.5768135, 1543466555.0512002, 1543466555.5234642, 1543466555.9955194, 1543466556.4721406, 1543466556.9444761, 1543466557.4173698, 1543466557.8891466, 1543466558.3646145, 1543466558.8364012, 1543466559.3089359, 1543466559.7839398, 1543466560.2716796, 1543466560.7438192, 1543466561.2164903, 1543466561.7027822, 1543466562.1749914, 1543466562.6605058, 1543466563.133722, 1543466563.6070127, 1543466564.09378, 1543466564.5662906, 1543466565.038981, 1543466565.5115783, 1543466565.9867802, 1543466566.462742, 1543466566.9356685, 1543466567.4080205, 1543466567.880591, 1543466568.3526669, 1543466568.834754, 1543466569.3082314, 1543466569.7802596, 1543466570.252285, 1543466570.7306054, 1543466571.2027392, 1543466571.675429, 1543466572.1486347, 1543466572.6213877, 1543466573.1081827, 1543466573.5827353, 1543466574.097122, 1543466574.5926847, 1543466575.071268, 1543466575.543608, 1543466576.0161705, 1543466576.4885132, 1543466576.961271, 1543466577.4342036, 1543466577.9066505, 1543466578.3792965, 1543466578.8540244, 1543466579.3270333, 1543466579.800081, 1543466580.2827346, 1543466580.7595367, 1543466581.2329679, 1543466581.706063, 1543466582.178692, 1543466582.6556215, 1543466583.1299038, 1543466583.6025338, 1543466584.0747876, 1543466584.5462162, 1543466585.018152, 1543466585.4906707, 1543466585.963417, 1543466586.4480827, 1543466586.9209206, 1543466587.393349, 1543466587.8679836, 1543466588.3457034, 1543466588.8185804, 1543466589.2930322, 1543466589.7651582, 1543466590.2387443, 1543466590.711353], "episode_lengths": [200, 200, 200, 200, 200, 200, 200, 200, 200, 200, 200, 200, 200, 200, 200, 200, 200, 200, 200, 200, 200, 200, 200, 200, 200, 200, 200, 200, 200, 200, 200, 200, 200, 200, 200, 200, 200, 200, 200, 200, 200, 200, 200, 200, 200, 200, 200, 200, 200, 200, 200, 200, 200, 200, 200, 200, 200, 200, 200, 200, 200, 200, 200, 200, 200, 200, 200, 200, 200, 200, 200, 200, 200, 200, 200, 200, 200, 200, 200, 200, 200, 200, 200, 200, 200, 200, 200, 200, 200, 200, 200, 200, 200, 200, 200, 200, 200, 200, 200, 200, 200, 200, 200, 200, 200, 200, 200, 200, 200, 200, 200, 200, 200, 200, 200, 200, 200, 200, 200, 200, 200, 200, 200, 200, 200, 200, 200, 200, 200, 200, 200, 200, 200, 200, 200, 200, 200, 200, 200, 200, 200, 200, 200, 200, 200, 200, 200, 200, 200, 200, 200, 200, 200, 200, 200, 200, 200, 200, 200, 200, 200, 200, 200, 200, 200, 200, 200, 200, 200, 200, 200, 200, 200, 200, 200, 200, 200, 200, 200, 200, 200, 200, 200, 200, 200, 200, 200, 200, 200, 200, 200, 200, 200, 200, 200, 200, 200, 200, 200, 200, 200, 200, 200, 200, 200, 200, 200, 200, 200, 200, 200, 200, 200, 200, 200, 200, 200, 200, 200, 200, 200, 200, 200, 200, 200, 200, 200, 200, 200, 200, 200, 200, 200, 200, 200, 200, 200, 200, 200, 200, 200, 200, 200, 200, 200, 200, 200, 200, 200, 200, 200, 200, 200, 200, 200, 200, 200, 200, 200, 200, 200, 200, 200, 200, 200, 200, 200, 200, 200, 200, 200, 200, 200, 200, 200, 200, 200, 200, 200, 200, 200, 200, 200, 200, 200, 200, 200, 200, 200, 200, 200, 200, 200, 200, 200, 200, 200, 200, 200, 200],